OPEX_PTES,OPEX_TTES,OPEX_BTES,OPEX_ATES
0.009853913307462842,0.011789077821011672,0.049999999999999996,0.0446638
